model,output_step,dataset,rmse,mae,r2
conv1d_gru,5,Test,0.0012972096454473,0.0009695123571154,0.8621874506911181
conv1d_gru,10,Test,0.0015629733997444,0.0012082343240771,0.7998645886275407
conv1d_gru,15,Test,0.0017432849622854,0.00136296728129,0.7495679042173806
conv1d_gru,20,Test,0.0019487110723183,0.0015255856634753,0.6851710458603523
