Dataset,RMSE,MAE,R2
Train,0.001306026505809474,0.000661349221243423,0.9604246984118741
Validation,0.0012500100938973135,0.0009906521142536533,0.9470300907244663
Test,0.0017999103940541958,0.0011171910687614143,0.9294663905903372
