Dataset,RMSE,MAE,R2
Train,0.002497791543834317,0.0014967819489528332,0.855348798024924
Validation,0.002382109408984729,0.0017408888144089594,0.810469945157838
Test,0.00326595042534378,0.002086692567913584,0.7673922719371623
