Dataset,RMSE,MAE,R2
Train,0.0003723805720894866,0.0002650781641164151,0.9126934044324736
Validation,0.00013182887932724187,9.944150857392494e-05,0.8621369576733606
Test,0.00010889722534427644,8.221139440151213e-05,0.8410512139330472
