Dataset,RMSE,MAE,R2
Train,0.002863516947332149,0.0016856524994485424,0.8093622787196998
Validation,0.0025351461680636514,0.0018571660338287594,0.7785681274477424
Test,0.0034797578795620655,0.0022294941751042135,0.7367977156476114
