Noise Factor,R² Drop,R² Drop (%),RMSE Increase,RMSE Increase (%),MAE Increase,MAE Increase (%)
0.0,0.0,0.0,0.0,0.0,0.0,0.0
0.05,-0.10137189371916544,-15.241367656236825,-2.6108375264200005e-05,-16.501591626025633,-2.1217428189700016e-05,-16.940403489963487
0.1,-0.08314487899936229,-12.500917395045363,-2.1046705051799998e-05,-13.302403091870685,-1.6577327260500004e-05,-13.23565750133507
0.2,-0.034216148869386176,-5.144432895212368,-8.306839235599985e-06,-5.25027189098502,-6.267691845700005e-06,-5.0042459372364325
0.3,0.12790092555526467,19.230034661887874,2.7788269772499992e-05,17.563355633561585,2.47046834466e-05,19.724695280476542
0.4,0.007598909130250853,1.1425037413362582,1.7893371781999988e-06,1.1309363794999896,3.19007168899998e-06,2.5470147036860573
