Dataset,RMSE,MAE,R2
Train,0.00199030333013066,0.0012555401413894142,0.9080521453521818
Validation,0.0019746230388182685,0.0014796546657877422,0.8677722733448243
Test,0.0024872651961315583,0.0016634283567422132,0.8653091149426514
