Dataset,RMSE,MAE,R2
Train,0.0037014125177697536,0.00216492925316722,0.6807624091179748
Validation,0.003044128547011186,0.0021953236965060576,0.6772342491567278
Test,0.003974251036033835,0.0025641970490201675,0.6572272032716924
