Dataset,RMSE,MAE,R2
Train,0.002637852333297855,0.0015454319252050245,0.838001291104591
Validation,0.002301533013277472,0.001752279009864981,0.8151220117591977
Test,0.0031208529846576366,0.00206086367766062,0.7886308425145583
