Dataset,RMSE,MAE,R2
Train,0.0010195373352221767,0.0006727311078235606,0.9757932284694574
Validation,0.0013505893113529477,0.0010471918416997672,0.9364527017745525
Test,0.002042450164556772,0.0011636360416421541,0.9094693171682307
