Dataset,RMSE,MAE,R2
Train,0.0015647095883316161,0.001100683054491305,0.9489652525605651
Validation,0.0035434928250841972,0.0018700135194109255,0.7821527087247527
Test,0.0013937730073109464,0.0010801334324771073,0.8409890709275958
