Dataset,RMSE,MAE,R2
Train,0.0015068994536386053,0.000978509592249495,0.9529619925258185
Validation,0.0035863654927329692,0.0018911002178326464,0.7768421566733602
Test,0.0013569979428274719,0.0010495819246957876,0.8493679699262764
