Dataset,RMSE,MAE,R2
Train,0.0019486690303110116,0.0012983649522923652,0.920845621042283
Validation,0.0034502919549419097,0.001888604471793566,0.793454657708368
Test,0.0015146750041555121,0.001184306459901563,0.8123574731376602
