Dataset,RMSE,MAE,R2
Train,0.0019188359871382035,0.0009261590940262771,0.9143252865908262
Validation,0.001514255913082159,0.001194222572905795,0.9201191823721848
Test,0.00225857358208056,0.0013579559050664913,0.889296517646823
