Dataset,RMSE,MAE,R2
Train,0.0031521244599668347,0.0018540894126097911,0.7686186204421083
Validation,0.0027605308001624478,0.0020138066360788935,0.7340626250175507
Test,0.003647409608143733,0.0023592698348886376,0.7112879029089383
