Dataset,RMSE,MAE,R2
Train,0.0016910081129401988,0.0008482783464808133,0.9335570338802353
Validation,0.0014689546671240864,0.0011537439220575055,0.9257808928164726
Test,0.0021263616809676505,0.0013063494143663098,0.9017199944043448
