Dataset,RMSE,MAE,R2
Train,0.00258456938766254,0.0015398731994194644,0.8447010162708881
Validation,0.0023226688026117596,0.0017383501826143818,0.8141802653551603
Test,0.0031543383689728523,0.002057820424187669,0.7837241970859665
