Dataset,RMSE,MAE,R2
Train,0.002654795817713973,0.0015782985747834076,0.8365926358066709
Validation,0.002473191290131118,0.0018271416779258565,0.7957312457909712
Test,0.0033203733115091272,0.0021324756219112586,0.7595755524824048
