Dataset,RMSE,MAE,R2
Train,0.0025715231499295853,0.0015217233214347419,0.8466814452476454
Validation,0.0023535513163375206,0.0017510927683264646,0.815034945070459
Test,0.0032237390993214523,0.002061135137609333,0.7733663262128762
