Dataset,RMSE,MAE,R2
Train,0.00047604970555243184,0.0003560855436589024,0.8673055939328181
Validation,0.0002054226290405445,0.00016326352566777398,0.6653184329980366
Test,0.00018600558514364653,0.00014995216177423335,0.5372092929341087
