Dataset,RMSE,MAE,R2
Train,0.0014867626015316199,0.000897831298290273,0.9487511382491605
Validation,0.0015359304830630657,0.001195623144678104,0.9212322572627867
Test,0.001978766427501708,0.0013296362312798648,0.9146125807025658
