Dataset,RMSE,MAE,R2
Train,0.0016336740148263965,0.0010631295599078019,0.9443674637999369
Validation,0.003269239071207554,0.0016627590860422564,0.8145665418146184
Test,0.0012475679734487222,0.0009384972438471386,0.8725290716374339
