Dataset,RMSE,MAE,R2
Train,0.001941061211424286,0.0012763452658160958,0.9214624524516971
Validation,0.0036459659414411773,0.0018282439343457195,0.7693660964858373
Test,0.0014404293934841363,0.0011072101949909953,0.8302219216318074
