Dataset,RMSE,MAE,R2
Train,0.0017605050874067323,0.001159944684452835,0.9281411269415122
Validation,0.0018478334076638748,0.0013921099631121485,0.8859803883668491
Test,0.002245859382524283,0.0015455129685539304,0.8900057498933964
