Dataset,RMSE,MAE,R2
Train,0.0029393827666189393,0.0017378688125499787,0.7996628339557466
Validation,0.002543203310823051,0.0018156987407858822,0.7840960482754274
Test,0.0033151944259082675,0.0021137046484175194,0.760325658763702
