Dataset,RMSE,MAE,R2
Train,0.0033700205345789146,0.0019861892471653474,0.7366552273810967
Validation,0.0028011577538453844,0.001986617604380485,0.7380803717276071
Test,0.0036337188177918444,0.002328606241039778,0.7120573932414969
