model,output_step,dataset,rmse,mae,r2
conv1d,5,Test,0.0030290908124585,0.001968591231937,0.7999085519790027
conv1d_gru,5,Test,0.0032659504253437,0.0020866925679135,0.7673922719371623
gru,5,Test,0.0033099336541214,0.0021249775105447,0.7610850276188841
conv1d,10,Test,0.0033958757522404,0.0021625585465489,0.7489289808683134
conv1d_gru,10,Test,0.0029094971598774,0.0019116656394281,0.8156982372226327
gru,10,Test,0.0036257039822671,0.0022758439495537,0.7137940075054351
conv1d,15,Test,0.0037766378382025,0.0024060270884649,0.6904670777710502
conv1d_gru,15,Test,0.0029706680806012,0.0019594096371762,0.8084850523473948
