Dataset,RMSE,MAE,R2
Train,0.002530007065856072,0.0015101718409474359,0.8515939713831815
Validation,0.002417727239429529,0.0017731234075741963,0.8047492004594001
Test,0.0032693775884485208,0.0020985084272657274,0.7669038635850887
