Dataset,RMSE,MAE,R2
Train,0.0012099949743722424,0.0007294146595674025,0.9660587002788878
Validation,0.0013737627336798484,0.0010842834420537086,0.9369816927881418
Test,0.0017705831888594045,0.0011935537078424513,0.9316343599784584
