Dataset,RMSE,MAE,R2
Train,0.003540677149327847,0.0020274444816533077,0.707876339471808
Validation,0.002857925644383804,0.002056479892654254,0.7155207194739421
Test,0.003776637838202517,0.0024060270884649158,0.6904670777710502
