Dataset,RMSE,MAE,R2
Train,0.002266322107415419,0.0013972716254997155,0.8805930417108453
Validation,0.0021148768045971215,0.0016019937643219739,0.8460736875484536
Test,0.002766103363819737,0.0018391167917172482,0.8336862206735762
